summary_id,source_id
0_adaptive,
1_adaptive,
2_adaptive,
3_adaptive,
4_adaptive,
5_adaptive,
6_adaptive,
7_adaptive,
8_adaptive,
9_adaptive,
10_adaptive,
11_adaptive,
12_adaptive,
13_adaptive,
14_adaptive,
15_adaptive,
16_adaptive,
17_adaptive,
18_adaptive,
19_adaptive,
20_adaptive,
21_adaptive,
22_adaptive,
23_adaptive,
24_adaptive,
25_adaptive,
26_adaptive,
27_adaptive,
28_adaptive,
29_adaptive,
30_adaptive,
31_adaptive,
32_adaptive,
33_adaptive,
34_adaptive,
35_adaptive,
36_adaptive,
37_adaptive,
38_adaptive,
39_adaptive,
40_adaptive,
41_adaptive,
42_adaptive,
43_adaptive,
44_adaptive,
45_adaptive,
46_adaptive,
47_adaptive,
48_adaptive,
50_adaptive,
51_adaptive,
52_adaptive,
53_adaptive,
54_adaptive,
55_adaptive,
56_adaptive,
57_adaptive,
58_adaptive,
59_adaptive,
60_adaptive,
61_adaptive,
62_adaptive,
63_adaptive,
64_adaptive,
65_adaptive,
66_adaptive,
67_adaptive,
68_adaptive,
69_adaptive,
70_adaptive,
71_adaptive,
72_adaptive,
73_adaptive,
74_adaptive,
75_adaptive,
76_adaptive,
77_adaptive,
78_adaptive,
79_adaptive,
80_adaptive,
81_adaptive,
82_adaptive,
83_adaptive,
84_adaptive,
85_adaptive,
86_adaptive,
87_adaptive,
88_adaptive,
89_adaptive,
90_adaptive,
91_adaptive,
92_adaptive,
93_adaptive,
94_adaptive,
95_adaptive,
96_adaptive,
97_adaptive,
98_adaptive,
99_adaptive,
100_adaptive,
101_adaptive,
102_adaptive,
103_adaptive,
104_adaptive,
105_adaptive,
106_adaptive,
107_adaptive,
108_adaptive,
109_adaptive,
110_adaptive,
111_adaptive,
112_adaptive,
113_adaptive,
114_adaptive,
115_adaptive,
116_adaptive,
117_adaptive,
118_adaptive,
119_adaptive,
120_adaptive,
121_adaptive,
122_adaptive,
123_adaptive,
124_adaptive,
125_adaptive,
126_adaptive,
127_adaptive,
128_adaptive,
129_adaptive,
130_adaptive,
131_adaptive,
132_adaptive,
133_adaptive,
134_adaptive,
135_adaptive,
136_adaptive,
137_adaptive,
138_adaptive,
139_adaptive,
140_adaptive,
141_adaptive,
142_adaptive,
143_adaptive,
144_adaptive,
145_adaptive,
146_adaptive,
147_adaptive,
148_adaptive,
149_adaptive,
150_adaptive,
151_adaptive,
152_adaptive,
153_adaptive,
154_adaptive,
155_adaptive,
156_adaptive,
157_adaptive,
158_adaptive,
159_adaptive,
160_adaptive,
161_adaptive,
162_adaptive,
163_adaptive,
164_adaptive,
165_adaptive,
166_adaptive,
167_adaptive,
168_adaptive,
169_adaptive,
170_adaptive,
171_adaptive,
172_adaptive,
173_adaptive,
175_adaptive,
176_adaptive,
177_adaptive,
178_adaptive,
179_adaptive,
180_adaptive,
181_adaptive,
182_adaptive,
183_adaptive,
184_adaptive,
185_adaptive,
6_confidence_weighted,
66_confidence_weighted,
112_confidence_weighted,
161_confidence_weighted,
168_confidence_weighted,
49_adaptive,
174_adaptive,
0_confidence_weighted,
1_confidence_weighted,
2_confidence_weighted,
3_confidence_weighted,
4_confidence_weighted,
5_confidence_weighted,
7_confidence_weighted,
8_confidence_weighted,
9_confidence_weighted,
10_confidence_weighted,
11_confidence_weighted,
12_confidence_weighted,
13_confidence_weighted,
14_confidence_weighted,
15_confidence_weighted,
16_confidence_weighted,
17_confidence_weighted,
18_confidence_weighted,
19_confidence_weighted,
20_confidence_weighted,
21_confidence_weighted,
22_confidence_weighted,
23_confidence_weighted,
24_confidence_weighted,
25_confidence_weighted,
26_confidence_weighted,
27_confidence_weighted,
28_confidence_weighted,
29_confidence_weighted,
30_confidence_weighted,
31_confidence_weighted,
32_confidence_weighted,
33_confidence_weighted,
34_confidence_weighted,
35_confidence_weighted,
36_confidence_weighted,
37_confidence_weighted,
38_confidence_weighted,
39_confidence_weighted,
40_confidence_weighted,
41_confidence_weighted,
42_confidence_weighted,
43_confidence_weighted,
44_confidence_weighted,
45_confidence_weighted,
46_confidence_weighted,
47_confidence_weighted,
48_confidence_weighted,
49_confidence_weighted,
50_confidence_weighted,
51_confidence_weighted,
52_confidence_weighted,
53_confidence_weighted,
54_confidence_weighted,
55_confidence_weighted,
56_confidence_weighted,
57_confidence_weighted,
58_confidence_weighted,
59_confidence_weighted,
60_confidence_weighted,
61_confidence_weighted,
62_confidence_weighted,
63_confidence_weighted,
64_confidence_weighted,
65_confidence_weighted,
67_confidence_weighted,
68_confidence_weighted,
69_confidence_weighted,
70_confidence_weighted,
71_confidence_weighted,
72_confidence_weighted,
73_confidence_weighted,
74_confidence_weighted,
75_confidence_weighted,
76_confidence_weighted,
77_confidence_weighted,
78_confidence_weighted,
79_confidence_weighted,
80_confidence_weighted,
81_confidence_weighted,
82_confidence_weighted,
83_confidence_weighted,
84_confidence_weighted,
85_confidence_weighted,
86_confidence_weighted,
87_confidence_weighted,
88_confidence_weighted,
89_confidence_weighted,
90_confidence_weighted,
91_confidence_weighted,
92_confidence_weighted,
93_confidence_weighted,
94_confidence_weighted,
95_confidence_weighted,
96_confidence_weighted,
97_confidence_weighted,
98_confidence_weighted,
99_confidence_weighted,
100_confidence_weighted,
101_confidence_weighted,
102_confidence_weighted,
103_confidence_weighted,
104_confidence_weighted,
105_confidence_weighted,
106_confidence_weighted,
107_confidence_weighted,
108_confidence_weighted,
109_confidence_weighted,
110_confidence_weighted,
111_confidence_weighted,
113_confidence_weighted,
114_confidence_weighted,
115_confidence_weighted,
116_confidence_weighted,
117_confidence_weighted,
118_confidence_weighted,
119_confidence_weighted,
120_confidence_weighted,
121_confidence_weighted,
122_confidence_weighted,
123_confidence_weighted,
124_confidence_weighted,
125_confidence_weighted,
126_confidence_weighted,
127_confidence_weighted,
128_confidence_weighted,
129_confidence_weighted,
130_confidence_weighted,
131_confidence_weighted,
132_confidence_weighted,
133_confidence_weighted,
134_confidence_weighted,
135_confidence_weighted,
136_confidence_weighted,
137_confidence_weighted,
138_confidence_weighted,
139_confidence_weighted,
140_confidence_weighted,
141_confidence_weighted,
142_confidence_weighted,
143_confidence_weighted,
144_confidence_weighted,
145_confidence_weighted,
146_confidence_weighted,
147_confidence_weighted,
148_confidence_weighted,
149_confidence_weighted,
150_confidence_weighted,
151_confidence_weighted,
152_confidence_weighted,
153_confidence_weighted,
154_confidence_weighted,
155_confidence_weighted,
156_confidence_weighted,
157_confidence_weighted,
158_confidence_weighted,
159_confidence_weighted,
160_confidence_weighted,
162_confidence_weighted,
163_confidence_weighted,
164_confidence_weighted,
165_confidence_weighted,
166_confidence_weighted,
167_confidence_weighted,
169_confidence_weighted,
170_confidence_weighted,
171_confidence_weighted,
172_confidence_weighted,
173_confidence_weighted,
174_confidence_weighted,
175_confidence_weighted,
176_confidence_weighted,
177_confidence_weighted,
178_confidence_weighted,
179_confidence_weighted,
180_confidence_weighted,
181_confidence_weighted,
182_confidence_weighted,
183_confidence_weighted,
184_confidence_weighted,
185_confidence_weighted,
